Departure;Arrival;OperatingCarrier;Equipment;Status
{'AirportCode': 'ACC', 'Scheduled': {'Date': '2023-03-23', 'Time': '22:55'}, 'Actual': {'Date': '2023-03-23', 'Time': '22:51'}, 'Terminal': {'Name': '3'}, 'Status': {'Code': 'DP', 'Description': 'Flight Departed'}};{'AirportCode': 'BRU', 'Scheduled': {'Date': '2023-03-24', 'Time': '06:35'}, 'Actual': {'Date': '2023-03-24', 'Time': '06:17'}, 'Status': {'Code': 'LD', 'Description': 'Flight Landed'}};{'AirlineID': 'SN', 'FlightNumber': '278'};{'AircraftCode': '333'};{'Code': 'LD', 'Description': 'Flight Landed'}
{'AirportCode': 'BAH', 'Scheduled': {'Date': '2023-03-23', 'Time': '23:40'}, 'Actual': {'Date': '2023-03-23', 'Time': '23:36'}, 'Terminal': {'Gate': '13A'}, 'Status': {'Code': 'DP', 'Description': 'Flight Departed'}};{'AirportCode': 'RUH', 'Scheduled': {'Date': '2023-03-24', 'Time': '01:00'}, 'Actual': {'Date': '2023-03-24', 'Time': '00:51'}, 'Terminal': {'Name': '1'}, 'Status': {'Code': 'LD', 'Description': 'Flight Landed'}};{'AirlineID': 'LH', 'FlightNumber': '637'};{'AircraftCode': '333'};{'Code': 'LD', 'Description': 'Flight Landed'}
{'AirportCode': 'BCN', 'Scheduled': {'Date': '2023-03-23', 'Time': '21:15'}, 'Actual': {'Date': '2023-03-23', 'Time': '22:24'}, 'Terminal': {'Name': '1'}, 'Status': {'Code': 'DP', 'Description': 'Flight Departed'}};{'AirportCode': 'BRU', 'Scheduled': {'Date': '2023-03-23', 'Time': '23:25'}, 'Actual': {'Date': '2023-03-24', 'Time': '00:07'}, 'Status': {'Code': 'LD', 'Description': 'Flight Landed'}};{'AirlineID': 'SN', 'FlightNumber': '3706'};{'AircraftCode': '320'};{'Code': 'LD', 'Description': 'Flight Landed'}
{'AirportCode': 'BKK', 'Scheduled': {'Date': '2023-03-23', 'Time': '23:30'}, 'Actual': {'Date': '2023-03-24', 'Time': '00:01'}, 'Terminal': {'Gate': 'C07'}, 'Status': {'Code': 'DP', 'Description': 'Flight Departed'}};{'AirportCode': 'MUC', 'Scheduled': {'Date': '2023-03-24', 'Time': '05:40'}, 'Actual': {'Date': '2023-03-24', 'Time': '06:09'}, 'Terminal': {'Name': '2', 'Gate': 'I18'}, 'Status': {'Code': 'LD', 'Description': 'Flight Landed'}};{'AirlineID': 'LH', 'FlightNumber': '773'};{'AircraftCode': '359'};{'Code': 'LD', 'Description': 'Flight Landed'}
{'AirportCode': 'BOM', 'Scheduled': {'Date': '2023-03-24', 'Time': '01:35'}, 'Actual': {'Date': '2023-03-24', 'Time': '01:41'}, 'Terminal': {'Name': '2', 'Gate': '078'}, 'Status': {'Code': 'DP', 'Description': 'Flight Departed'}};{'AirportCode': 'MUC', 'Scheduled': {'Date': '2023-03-24', 'Time': '05:40'}, 'Actual': {'Date': '2023-03-24', 'Time': '05:42'}, 'Terminal': {'Name': '2', 'Gate': 'M28'}, 'Status': {'Code': 'LD', 'Description': 'Flight Landed'}};{'AirlineID': 'LH', 'FlightNumber': '767'};{'AircraftCode': '35S'};{'Code': 'LD', 'Description': 'Flight Landed'}
{'AirportCode': 'BOS', 'Scheduled': {'Date': '2023-03-23', 'Time': '22:55'}, 'Actual': {'Date': '2023-03-23', 'Time': '23:02'}, 'Terminal': {'Name': 'E', 'Gate': 'E10'}, 'Status': {'Code': 'DP', 'Description': 'Flight Departed'}};{'AirportCode': 'ZRH', 'Scheduled': {'Date': '2023-03-24', 'Time': '11:10'}, 'Actual': {'Date': '2023-03-24', 'Time': '11:14'}, 'Status': {'Code': 'LD', 'Description': 'Flight Landed'}};{'AirlineID': 'LX', 'FlightNumber': '053'};{'AircraftCode': '333'};{'Code': 'LD', 'Description': 'Flight Landed'}
{'AirportCode': 'CAI', 'Scheduled': {'Date': '2023-03-24', 'Time': '02:05'}, 'Actual': {'Date': '2023-03-24', 'Time': '01:57'}, 'Terminal': {'Name': '3', 'Gate': 'F07'}, 'Status': {'Code': 'DP', 'Description': 'Flight Departed'}};{'AirportCode': 'FRA', 'Scheduled': {'Date': '2023-03-24', 'Time': '05:40'}, 'Actual': {'Date': '2023-03-24', 'Time': '05:36'}, 'Terminal': {'Name': '1', 'Gate': 'Area A'}, 'Status': {'Code': 'LD', 'Description': 'Flight Landed'}};{'AirlineID': 'LH', 'FlightNumber': '581'};{'AircraftCode': '32Q'};{'Code': 'LD', 'Description': 'Flight Landed'}
{'AirportCode': 'CMN', 'Scheduled': {'Date': '2023-03-24', 'Time': '01:35'}, 'Actual': {'Date': '2023-03-24', 'Time': '01:53'}, 'Terminal': {'Gate': 'A10'}, 'Status': {'Code': 'DP', 'Description': 'Flight Departed'}};{'AirportCode': 'FRA', 'Scheduled': {'Date': '2023-03-24', 'Time': '06:10'}, 'Actual': {'Date': '2023-03-24', 'Time': '06:12'}, 'Terminal': {'Gate': 'Area A'}, 'Status': {'Code': 'LD', 'Description': 'Flight Landed'}};{'AirlineID': 'LH', 'FlightNumber': '1331'};{'AircraftCode': '32M'};{'Code': 'LD', 'Description': 'Flight Landed'}
{'AirportCode': 'CUN', 'Scheduled': {'Date': '2023-03-23', 'Time': '23:55'}, 'Actual': {'Date': '2023-03-23', 'Time': '23:36'}, 'Terminal': {'Name': '4'}, 'Status': {'Code': 'DP', 'Description': 'Flight Departed'}};{'AirportCode': 'ZRH', 'Scheduled': {'Date': '2023-03-24', 'Time': '15:55'}, 'Actual': {'Date': '2023-03-24', 'Time': '15:38'}, 'Status': {'Code': 'LD', 'Description': 'Flight Landed'}};{'AirlineID': 'WK', 'FlightNumber': '026'};{'AircraftCode': '343'};{'Code': 'LD', 'Description': 'Flight Landed'}
{'AirportCode': 'DEL', 'Scheduled': {'Date': '2023-03-24', 'Time': '01:50'}, 'Actual': {'Date': '2023-03-24', 'Time': '01:48'}, 'Terminal': {'Name': '3', 'Gate': '019'}, 'Status': {'Code': 'DP', 'Description': 'Flight Departed'}};{'AirportCode': 'MUC', 'Scheduled': {'Date': '2023-03-24', 'Time': '06:10'}, 'Actual': {'Date': '2023-03-24', 'Time': '05:58'}, 'Terminal': {'Name': '2', 'Gate': 'M13'}, 'Status': {'Code': 'LD', 'Description': 'Flight Landed'}};{'AirlineID': 'LH', 'FlightNumber': '763'};{'AircraftCode': '35S'};{'Code': 'LD', 'Description': 'Flight Landed'}
{'AirportCode': 'DEL', 'Scheduled': {'Date': '2023-03-24', 'Time': '02:05'}, 'Actual': {'Date': '2023-03-24', 'Time': '01:59'}, 'Terminal': {'Name': '3'}, 'Status': {'Code': 'DP', 'Description': 'Flight Departed'}};{'AirportCode': 'ZRH', 'Scheduled': {'Date': '2023-03-24', 'Time': '06:20'}, 'Actual': {'Date': '2023-03-24', 'Time': '06:19'}, 'Status': {'Code': 'LD', 'Description': 'Flight Landed'}};{'AirlineID': 'LX', 'FlightNumber': '147'};{'AircraftCode': '333'};{'Code': 'LD', 'Description': 'Flight Landed'}
{'AirportCode': 'DMM', 'Scheduled': {'Date': '2023-03-24', 'Time': '00:15'}, 'Actual': {'Date': '2023-03-24', 'Time': '00:02'}, 'Terminal': {'Gate': '026'}, 'Status': {'Code': 'DP', 'Description': 'Flight Departed'}};{'AirportCode': 'KWI', 'Scheduled': {'Date': '2023-03-24', 'Time': '01:20'}, 'Actual': {'Date': '2023-03-24', 'Time': '01:06'}, 'Terminal': {'Name': '1', 'Gate': '022'}, 'Status': {'Code': 'LD', 'Description': 'Flight Landed'}};{'AirlineID': 'LH', 'FlightNumber': '625'};{'AircraftCode': '333'};{'Code': 'LD', 'Description': 'Flight Landed'}
{'AirportCode': 'DSS', 'Scheduled': {'Date': '2023-03-23', 'Time': '22:10'}, 'Actual': {'Date': '2023-03-23', 'Time': '22:50'}, 'Status': {'Code': 'DP', 'Description': 'Flight Departed'}};{'AirportCode': 'BRU', 'Scheduled': {'Date': '2023-03-24', 'Time': '05:05'}, 'Actual': {'Date': '2023-03-24', 'Time': '05:21'}, 'Status': {'Code': 'LD', 'Description': 'Flight Landed'}};{'AirlineID': 'SN', 'FlightNumber': '206'};{'AircraftCode': '333'};{'Code': 'LD', 'Description': 'Flight Landed'}
{'AirportCode': 'DXB', 'Scheduled': {'Date': '2023-03-24', 'Time': '01:50'}, 'Actual': {'Date': '2023-03-24', 'Time': '02:14'}, 'Terminal': {'Name': '1', 'Gate': 'D02'}, 'Status': {'Code': 'DP', 'Description': 'Flight Departed'}};{'AirportCode': 'FRA', 'Scheduled': {'Date': '2023-03-24', 'Time': '06:05'}, 'Actual': {'Date': '2023-03-24', 'Time': '06:16'}, 'Terminal': {'Name': '1', 'Gate': 'Z69A'}, 'Status': {'Code': 'LD', 'Description': 'Flight Landed'}};{'AirlineID': 'LH', 'FlightNumber': '631'};{'AircraftCode': '333'};{'Code': 'LD', 'Description': 'Flight Landed'}
{'AirportCode': 'DXB', 'Scheduled': {'Date': '2023-03-24', 'Time': '02:00'}, 'Actual': {'Date': '2023-03-24', 'Time': '02:15'}, 'Terminal': {'Name': '1', 'Gate': 'D15'}, 'Status': {'Code': 'DP', 'Description': 'Flight Departed'}};{'AirportCode': 'ZRH', 'Scheduled': {'Date': '2023-03-24', 'Time': '06:10'}, 'Actual': {'Date': '2023-03-24', 'Time': '06:15'}, 'Status': {'Code': 'LD', 'Description': 'Flight Landed'}};{'AirlineID': 'LX', 'FlightNumber': '243'};{'AircraftCode': '333'};{'Code': 'LD', 'Description': 'Flight Landed'}
{'AirportCode': 'EBB', 'Scheduled': {'Date': '2023-03-24', 'Time': '00:20'}, 'Actual': {'Date': '2023-03-24', 'Time': '00:09'}, 'Status': {'Code': 'DP', 'Description': 'Flight Departed'}};{'AirportCode': 'BRU', 'Scheduled': {'Date': '2023-03-24', 'Time': '06:40'}, 'Actual': {'Date': '2023-03-24', 'Time': '06:26'}, 'Status': {'Code': 'LD', 'Description': 'Flight Landed'}};{'AirlineID': 'SN', 'FlightNumber': '465'};{'AircraftCode': '333'};{'Code': 'LD', 'Description': 'Flight Landed'}
{'AirportCode': 'EWR', 'Scheduled': {'Date': '2023-03-23', 'Time': '21:50'}, 'Actual': {'Date': '2023-03-23', 'Time': '22:03'}, 'Terminal': {'Name': 'B', 'Gate': 'B62'}, 'Status': {'Code': 'DP', 'Description': 'Flight Departed'}};{'AirportCode': 'MUC', 'Scheduled': {'Date': '2023-03-24', 'Time': '10:20'}, 'Actual': {'Date': '2023-03-24', 'Time': '10:48'}, 'Terminal': {'Name': '2', 'Gate': 'H28'}, 'Status': {'Code': 'LD', 'Description': 'Flight Landed'}};{'AirlineID': 'LH', 'FlightNumber': '413'};{'AircraftCode': '359'};{'Code': 'LD', 'Description': 'Flight Landed'}
{'AirportCode': 'EWR', 'Scheduled': {'Date': '2023-03-23', 'Time': '23:05'}, 'Actual': {'Date': '2023-03-23', 'Time': '23:14'}, 'Terminal': {'Name': 'B', 'Gate': 'B67'}, 'Status': {'Code': 'DP', 'Description': 'Flight Departed'}};{'AirportCode': 'ZRH', 'Scheduled': {'Date': '2023-03-24', 'Time': '11:40'}, 'Actual': {'Date': '2023-03-24', 'Time': '11:39'}, 'Status': {'Code': 'LD', 'Description': 'Flight Landed'}};{'AirlineID': 'LX', 'FlightNumber': '019'};{'AircraftCode': '333'};{'Code': 'LD', 'Description': 'Flight Landed'}
{'AirportCode': 'FRA', 'Scheduled': {'Date': '2023-03-23', 'Time': '21:30'}, 'Actual': {'Date': '2023-03-23', 'Time': '22:12'}, 'Terminal': {'Name': '1', 'Gate': 'A40'}, 'Status': {'Code': 'DP', 'Description': 'Flight Departed'}};{'AirportCode': 'DRS', 'Scheduled': {'Date': '2023-03-23', 'Time': '22:30'}, 'Actual': {'Date': '2023-03-23', 'Time': '23:10'}, 'Status': {'Code': 'LD', 'Description': 'Flight Landed'}};{'AirlineID': 'LH', 'FlightNumber': '216'};{'AircraftCode': '319'};{'Code': 'LD', 'Description': 'Flight Landed'}
{'AirportCode': 'FRA', 'Scheduled': {'Date': '2023-03-23', 'Time': '21:30'}, 'Actual': {'Date': '2023-03-23', 'Time': '22:03'}, 'Terminal': {'Name': '1', 'Gate': 'B41'}, 'Status': {'Code': 'DP', 'Description': 'Flight Departed'}};{'AirportCode': 'LHR', 'Scheduled': {'Date': '2023-03-23', 'Time': '22:15'}, 'Actual': {'Date': '2023-03-23', 'Time': '22:31'}, 'Terminal': {'Name': '2'}, 'Status': {'Code': 'LD', 'Description': 'Flight Landed'}};{'AirlineID': 'LH', 'FlightNumber': '922'};{'AircraftCode': '32N'};{'Code': 'LD', 'Description': 'Flight Landed'}
{'AirportCode': 'FRA', 'Scheduled': {'Date': '2023-03-23', 'Time': '21:30'}, 'Actual': {'Date': '2023-03-23', 'Time': '22:05'}, 'Terminal': {'Name': '1', 'Gate': 'A01'}, 'Status': {'Code': 'DP', 'Description': 'Flight Departed'}};{'AirportCode': 'CDG', 'Scheduled': {'Date': '2023-03-23', 'Time': '22:45'}, 'Actual': {'Date': '2023-03-23', 'Time': '23:21'}, 'Terminal': {'Name': '1', 'Gate': '062'}, 'Status': {'Code': 'LD', 'Description': 'Flight Landed'}};{'AirlineID': 'LH', 'FlightNumber': '1050'};{'AircraftCode': '319'};{'Code': 'LD', 'Description': 'Flight Landed'}
{'AirportCode': 'FRA', 'Scheduled': {'Date': '2023-03-23', 'Time': '21:40'}, 'Actual': {'Date': '2023-03-23', 'Time': '22:01'}, 'Terminal': {'Name': '1', 'Gate': 'A20'}, 'Status': {'Code': 'DP', 'Description': 'Flight Departed'}};{'AirportCode': 'MRS', 'Scheduled': {'Date': '2023-03-23', 'Time': '23:10'}, 'Actual': {'Date': '2023-03-23', 'Time': '23:46'}, 'Terminal': {'Name': '1A'}, 'Status': {'Code': 'LD', 'Description': 'Flight Landed'}};{'AirlineID': 'LH', 'FlightNumber': '1090'};{'AircraftCode': '32M'};{'Code': 'LD', 'Description': 'Flight Landed'}
{'AirportCode': 'FRA', 'Scheduled': {'Date': '2023-03-23', 'Time': '21:50'}, 'Actual': {'Date': '2023-03-23', 'Time': '22:14'}, 'Terminal': {'Name': '1', 'Gate': 'A34'}, 'Status': {'Code': 'DP', 'Description': 'Flight Departed'}};{'AirportCode': 'LIN', 'Scheduled': {'Date': '2023-03-23', 'Time': '23:00'}, 'Estimated': {'Date': '2023-03-23', 'Time': '23:21'}, 'Actual': {'Date': '2023-03-23', 'Time': '23:21'}, 'Status': {'Code': 'DL', 'Description': 'Flight Delayed'}};{'AirlineID': 'LH', 'FlightNumber': '278'};{'AircraftCode': '32A'};{'Code': 'DL', 'Description': 'Flight Delayed'}
{'AirportCode': 'FRA', 'Scheduled': {'Date': '2023-03-23', 'Time': '21:50'}, 'Actual': {'Date': '2023-03-23', 'Time': '22:06'}, 'Terminal': {'Name': '1', 'Gate': 'A22'}, 'Status': {'Code': 'DP', 'Description': 'Flight Departed'}};{'AirportCode': 'CPH', 'Scheduled': {'Date': '2023-03-23', 'Time': '23:15'}, 'Actual': {'Date': '2023-03-23', 'Time': '23:28'}, 'Terminal': {'Name': '2'}, 'Status': {'Code': 'LD', 'Description': 'Flight Landed'}};{'AirlineID': 'LH', 'FlightNumber': '832'};{'AircraftCode': '32A'};{'Code': 'LD', 'Description': 'Flight Landed'}
{'AirportCode': 'FRA', 'Scheduled': {'Date': '2023-03-23', 'Time': '21:50'}, 'Actual': {'Date': '2023-03-23', 'Time': '22:07'}, 'Terminal': {'Name': '1', 'Gate': 'B31'}, 'Status': {'Code': 'DP', 'Description': 'Flight Departed'}};{'AirportCode': 'BHX', 'Scheduled': {'Date': '2023-03-23', 'Time': '22:25'}, 'Actual': {'Date': '2023-03-23', 'Time': '22:34'}, 'Status': {'Code': 'LD', 'Description': 'Flight Landed'}};{'AirlineID': 'LH', 'FlightNumber': '958'};{'AircraftCode': '320'};{'Code': 'LD', 'Description': 'Flight Landed'}
{'AirportCode': 'FRA', 'Scheduled': {'Date': '2023-03-23', 'Time': '21:50'}, 'Actual': {'Date': '2023-03-23', 'Time': '22:18'}, 'Terminal': {'Name': '1', 'Gate': 'A60'}, 'Status': {'Code': 'DP', 'Description': 'Flight Departed'}};{'AirportCode': 'KRK', 'Scheduled': {'Date': '2023-03-23', 'Time': '23:20'}, 'Actual': {'Date': '2023-03-23', 'Time': '23:51'}, 'Status': {'Code': 'LD', 'Description': 'Flight Landed'}};{'AirlineID': 'LH', 'FlightNumber': '1370'};{'AircraftCode': '32N'};{'Code': 'LD', 'Description': 'Flight Landed'}
{'AirportCode': 'FRA', 'Scheduled': {'Date': '2023-03-23', 'Time': '21:55'}, 'Actual': {'Date': '2023-03-23', 'Time': '22:07'}, 'Terminal': {'Name': '1', 'Gate': 'C14'}, 'Status': {'Code': 'DP', 'Description': 'Flight Departed'}};{'AirportCode': 'WDH', 'Scheduled': {'Date': '2023-03-24', 'Time': '09:05'}, 'Actual': {'Date': '2023-03-24', 'Time': '09:30'}, 'Status': {'Code': 'LD', 'Description': 'Flight Landed'}};{'AirlineID': '4Y', 'FlightNumber': '142'};{'AircraftCode': '333'};{'Code': 'LD', 'Description': 'Flight Landed'}
{'AirportCode': 'FRA', 'Scheduled': {'Date': '2023-03-23', 'Time': '21:55'}, 'Actual': {'Date': '2023-03-23', 'Time': '22:05'}, 'Terminal': {'Name': '1', 'Gate': 'A68'}, 'Status': {'Code': 'DP', 'Description': 'Flight Departed'}};{'AirportCode': 'STR', 'Scheduled': {'Date': '2023-03-23', 'Time': '22:35'}, 'Actual': {'Date': '2023-03-23', 'Time': '22:59'}, 'Terminal': {'Name': '1'}, 'Status': {'Code': 'LD', 'Description': 'Flight Landed'}};{'AirlineID': 'EW', 'FlightNumber': '136'};{'AircraftCode': '31D'};{'Code': 'LD', 'Description': 'Flight Landed'}
{'AirportCode': 'FRA', 'Scheduled': {'Date': '2023-03-23', 'Time': '21:55'}, 'Actual': {'Date': '2023-03-23', 'Time': '22:15'}, 'Terminal': {'Name': '1', 'Gate': 'A15'}, 'Status': {'Code': 'DP', 'Description': 'Flight Departed'}};{'AirportCode': 'LEJ', 'Scheduled': {'Date': '2023-03-23', 'Time': '22:55'}, 'Actual': {'Date': '2023-03-23', 'Time': '23:13'}, 'Status': {'Code': 'LD', 'Description': 'Flight Landed'}};{'AirlineID': 'CL', 'FlightNumber': '164'};{'AircraftCode': 'E90'};{'Code': 'LD', 'Description': 'Flight Landed'}
{'AirportCode': 'FRA', 'Scheduled': {'Date': '2023-03-23', 'Time': '21:55'}, 'Actual': {'Date': '2023-03-23', 'Time': '22:06'}, 'Terminal': {'Name': '1', 'Gate': 'B23'}, 'Status': {'Code': 'DP', 'Description': 'Flight Departed'}};{'AirportCode': 'GRU', 'Scheduled': {'Date': '2023-03-24', 'Time': '05:55'}, 'Actual': {'Date': '2023-03-24', 'Time': '05:47'}, 'Terminal': {'Name': '3'}, 'Status': {'Code': 'LD', 'Description': 'Flight Landed'}};{'AirlineID': 'LH', 'FlightNumber': '506'};{'AircraftCode': '74H'};{'Code': 'LD', 'Description': 'Flight Landed'}
{'AirportCode': 'FRA', 'Scheduled': {'Date': '2023-03-23', 'Time': '21:55'}, 'Actual': {'Date': '2023-03-23', 'Time': '22:02'}, 'Terminal': {'Name': '1', 'Gate': 'Z69'}, 'Status': {'Code': 'DP', 'Description': 'Flight Departed'}};{'AirportCode': 'SIN', 'Scheduled': {'Date': '2023-03-24', 'Time': '17:00'}, 'Actual': {'Date': '2023-03-24', 'Time': '16:57'}, 'Terminal': {'Name': '2', 'Gate': 'F42'}, 'Status': {'Code': 'LD', 'Description': 'Flight Landed'}};{'AirlineID': 'LH', 'FlightNumber': '778'};{'AircraftCode': '74H'};{'Code': 'LD', 'Description': 'Flight Landed'}
{'AirportCode': 'FRA', 'Scheduled': {'Date': '2023-03-23', 'Time': '22:00'}, 'Actual': {'Date': '2023-03-23', 'Time': '22:06'}, 'Terminal': {'Name': '1', 'Gate': 'B01'}, 'Status': {'Code': 'DP', 'Description': 'Flight Departed'}};{'AirportCode': 'KTW', 'Scheduled': {'Date': '2023-03-23', 'Time': '23:25'}, 'Actual': {'Date': '2023-03-23', 'Time': '23:38'}, 'Status': {'Code': 'LD', 'Description': 'Flight Landed'}};{'AirlineID': 'EN', 'FlightNumber': '8762'};{'AircraftCode': 'E90'};{'Code': 'LD', 'Description': 'Flight Landed'}
{'AirportCode': 'FRA', 'Scheduled': {'Date': '2023-03-23', 'Time': '22:00'}, 'Actual': {'Date': '2023-03-23', 'Time': '22:07'}, 'Terminal': {'Name': '1', 'Gate': 'A52'}, 'Status': {'Code': 'DP', 'Description': 'Flight Departed'}};{'AirportCode': 'BRE', 'Scheduled': {'Date': '2023-03-23', 'Time': '22:55'}, 'Actual': {'Date': '2023-03-23', 'Time': '23:05'}, 'Status': {'Code': 'LD', 'Description': 'Flight Landed'}};{'AirlineID': 'LH', 'FlightNumber': '360'};{'AircraftCode': '320'};{'Code': 'LD', 'Description': 'Flight Landed'}
{'AirportCode': 'FRA', 'Scheduled': {'Date': '2023-03-23', 'Time': '22:00'}, 'Actual': {'Date': '2023-03-23', 'Time': '22:19'}, 'Terminal': {'Name': '1', 'Gate': 'Z23'}, 'Status': {'Code': 'DP', 'Description': 'Flight Departed'}};{'AirportCode': 'JNB', 'Scheduled': {'Date': '2023-03-24', 'Time': '09:35'}, 'Actual': {'Date': '2023-03-24', 'Time': '10:05'}, 'Terminal': {'Name': 'A'}, 'Status': {'Code': 'LD', 'Description': 'Flight Landed'}};{'AirlineID': 'LH', 'FlightNumber': '572'};{'AircraftCode': '74H'};{'Code': 'LD', 'Description': 'Flight Landed'}
{'AirportCode': 'FRA', 'Scheduled': {'Date': '2023-03-23', 'Time': '22:00'}, 'Actual': {'Date': '2023-03-23', 'Time': '21:59'}, 'Terminal': {'Name': '1', 'Gate': 'B44'}, 'Status': {'Code': 'DP', 'Description': 'Flight Departed'}};{'AirportCode': 'CMN', 'Scheduled': {'Date': '2023-03-24', 'Time': '00:25'}, 'Actual': {'Date': '2023-03-24', 'Time': '00:47'}, 'Terminal': {'Name': '2'}, 'Status': {'Code': 'LD', 'Description': 'Flight Landed'}};{'AirlineID': 'LH', 'FlightNumber': '1330'};{'AircraftCode': '32M'};{'Code': 'LD', 'Description': 'Flight Landed'}
{'AirportCode': 'FRA', 'Scheduled': {'Date': '2023-03-23', 'Time': '22:00'}, 'Terminal': {'Name': '1', 'Gate': 'SQAIR'}, 'Status': {'Code': 'NO', 'Description': 'No Status'}};{'AirportCode': 'XER', 'Scheduled': {'Date': '2023-03-24', 'Time': '00:30'}, 'Status': {'Code': 'NO', 'Description': 'No Status'}};{'AirlineID': 'YY', 'FlightNumber': '3762'};{'AircraftCode': 'BUS'};{'Code': 'NA', 'Description': 'No Status'}
{'AirportCode': 'FRA', 'Scheduled': {'Date': '2023-03-23', 'Time': '22:05'}, 'Actual': {'Date': '2023-03-23', 'Time': '22:10'}, 'Terminal': {'Name': '1', 'Gate': 'A21'}, 'Status': {'Code': 'DP', 'Description': 'Flight Departed'}};{'AirportCode': 'HAJ', 'Scheduled': {'Date': '2023-03-23', 'Time': '22:55'}, 'Actual': {'Date': '2023-03-23', 'Time': '23:04'}, 'Terminal': {'Gate': 'A05'}, 'Status': {'Code': 'LD', 'Description': 'Flight Landed'}};{'AirlineID': 'LH', 'FlightNumber': '058'};{'AircraftCode': '32M'};{'Code': 'LD', 'Description': 'Flight Landed'}
{'AirportCode': 'FRA', 'Scheduled': {'Date': '2023-03-23', 'Time': '22:05'}, 'Actual': {'Date': '2023-03-23', 'Time': '22:07'}, 'Terminal': {'Name': '1', 'Gate': 'A03'}, 'Status': {'Code': 'DP', 'Description': 'Flight Departed'}};{'AirportCode': 'FMO', 'Scheduled': {'Date': '2023-03-23', 'Time': '22:55'}, 'Actual': {'Date': '2023-03-23', 'Time': '22:53'}, 'Status': {'Code': 'LD', 'Description': 'Flight Landed'}};{'AirlineID': 'CL', 'FlightNumber': '068'};{'AircraftCode': 'CR9'};{'Code': 'LD', 'Description': 'Flight Landed'}
{'AirportCode': 'FRA', 'Scheduled': {'Date': '2023-03-23', 'Time': '22:05'}, 'Actual': {'Date': '2023-03-23', 'Time': '22:12'}, 'Terminal': {'Name': '1', 'Gate': 'B20'}, 'Status': {'Code': 'DP', 'Description': 'Flight Departed'}};{'AirportCode': 'MAN', 'Scheduled': {'Date': '2023-03-23', 'Time': '22:50'}, 'Actual': {'Date': '2023-03-23', 'Time': '22:59'}, 'Terminal': {'Name': '1'}, 'Status': {'Code': 'LD', 'Description': 'Flight Landed'}};{'AirlineID': 'LH', 'FlightNumber': '948'};{'AircraftCode': '32N'};{'Code': 'LD', 'Description': 'Flight Landed'}
{'AirportCode': 'FRA', 'Scheduled': {'Date': '2023-03-23', 'Time': '22:15'}, 'Actual': {'Date': '2023-03-23', 'Time': '22:17'}, 'Terminal': {'Name': '1', 'Gate': 'B28'}, 'Status': {'Code': 'DP', 'Description': 'Flight Departed'}};{'AirportCode': 'EZE', 'Scheduled': {'Date': '2023-03-24', 'Time': '08:05'}, 'Actual': {'Date': '2023-03-24', 'Time': '07:59'}, 'Terminal': {'Name': 'A'}, 'Status': {'Code': 'LD', 'Description': 'Flight Landed'}};{'AirlineID': 'LH', 'FlightNumber': '510'};{'AircraftCode': '74H'};{'Code': 'LD', 'Description': 'Flight Landed'}
{'AirportCode': 'FRA', 'Scheduled': {'Date': '2023-03-23', 'Time': '22:15'}, 'Actual': {'Date': '2023-03-23', 'Time': '22:36'}, 'Terminal': {'Name': '1', 'Gate': 'B33'}, 'Status': {'Code': 'DP', 'Description': 'Flight Departed'}};{'AirportCode': 'TUN', 'Scheduled': {'Date': '2023-03-24', 'Time': '00:35'}, 'Actual': {'Date': '2023-03-24', 'Time': '00:46'}, 'Terminal': {'Name': 'M'}, 'Status': {'Code': 'LD', 'Description': 'Flight Landed'}};{'AirlineID': 'LH', 'FlightNumber': '1326'};{'AircraftCode': '32N'};{'Code': 'LD', 'Description': 'Flight Landed'}
{'AirportCode': 'FRA', 'Scheduled': {'Date': '2023-03-23', 'Time': '22:21'}, 'Actual': {'Date': '2023-03-23', 'Time': '22:28'}, 'Terminal': {'Name': 'Station', 'Gate': 'T06'}, 'Status': {'Code': 'DP', 'Description': 'Flight Departed'}};{'AirportCode': 'QDU', 'Scheduled': {'Date': '2023-03-23', 'Time': '23:57'}, 'Actual': {'Date': '2023-03-23', 'Time': '23:59'}, 'Status': {'Code': 'LD', 'Description': 'Flight Landed'}};{'AirlineID': '2A', 'FlightNumber': '3496'};{'AircraftCode': 'TRN'};{'Code': 'LD', 'Description': 'Flight Landed'}
{'AirportCode': 'FRA', 'Scheduled': {'Date': '2023-03-23', 'Time': '22:55'}, 'Actual': {'Date': '2023-03-23', 'Time': '23:00'}, 'Terminal': {'Name': 'Station', 'Gate': 'T05'}, 'Status': {'Code': 'DP', 'Description': 'Flight Departed'}};{'AirportCode': 'ZWS', 'Scheduled': {'Date': '2023-03-24', 'Time': '00:14'}, 'Actual': {'Date': '2023-03-24', 'Time': '00:25'}, 'Status': {'Code': 'LD', 'Description': 'Flight Landed'}};{'AirlineID': '2A', 'FlightNumber': '3566'};{'AircraftCode': 'TRN'};{'Code': 'LD', 'Description': 'Flight Landed'}
{'AirportCode': 'FRA', 'Scheduled': {'Date': '2023-03-23', 'Time': '23:22'}, 'Actual': {'Date': '2023-03-23', 'Time': '23:25'}, 'Terminal': {'Name': 'Station', 'Gate': 'T07'}, 'Status': {'Code': 'DP', 'Description': 'Flight Departed'}};{'AirportCode': 'QKL', 'Scheduled': {'Date': '2023-03-24', 'Time': '01:50'}, 'Actual': {'Date': '2023-03-24', 'Time': '02:03'}, 'Status': {'Code': 'LD', 'Description': 'Flight Landed'}};{'AirlineID': '2A', 'FlightNumber': '3636'};{'AircraftCode': 'TRN'};{'Code': 'LD', 'Description': 'Flight Landed'}
{'AirportCode': 'GIG', 'Scheduled': {'Date': '2023-03-23', 'Time': '21:50'}, 'Actual': {'Date': '2023-03-23', 'Time': '22:03'}, 'Terminal': {'Name': '2', 'Gate': 'C53'}, 'Status': {'Code': 'DP', 'Description': 'Flight Departed'}};{'AirportCode': 'MUC', 'Scheduled': {'Date': '2023-03-24', 'Time': '13:00'}, 'Actual': {'Date': '2023-03-24', 'Time': '13:23'}, 'Terminal': {'Name': '2', 'Gate': 'I38'}, 'Status': {'Code': 'LD', 'Description': 'Flight Landed'}};{'AirlineID': 'LH', 'FlightNumber': '501'};{'AircraftCode': '359'};{'Code': 'LD', 'Description': 'Flight Landed'}
{'AirportCode': 'HAV', 'Scheduled': {'Date': '2023-03-23', 'Time': '22:05'}, 'Actual': {'Date': '2023-03-23', 'Time': '21:54'}, 'Terminal': {'Name': '2'}, 'Status': {'Code': 'DP', 'Description': 'Flight Departed'}};{'AirportCode': 'CUN', 'Scheduled': {'Date': '2023-03-23', 'Time': '22:25'}, 'Actual': {'Date': '2023-03-23', 'Time': '22:11'}, 'Terminal': {'Name': '4'}, 'Status': {'Code': 'LD', 'Description': 'Flight Landed'}};{'AirlineID': 'WK', 'FlightNumber': '026'};{'AircraftCode': '343'};{'Code': 'LD', 'Description': 'Flight Landed'}
{'AirportCode': 'HKG', 'Scheduled': {'Date': '2023-03-23', 'Time': '23:05'}, 'Actual': {'Date': '2023-03-23', 'Time': '23:43'}, 'Terminal': {'Name': '1', 'Gate': '007'}, 'Status': {'Code': 'DP', 'Description': 'Flight Departed'}};{'AirportCode': 'ZRH', 'Scheduled': {'Date': '2023-03-24', 'Time': '06:10'}, 'Actual': {'Date': '2023-03-24', 'Time': '06:18'}, 'Status': {'Code': 'LD', 'Description': 'Flight Landed'}};{'AirlineID': 'LX', 'FlightNumber': '139'};{'AircraftCode': '77W'};{'Code': 'LD', 'Description': 'Flight Landed'}
{'AirportCode': 'HKG', 'Scheduled': {'Date': '2023-03-23', 'Time': '23:45'}, 'Actual': {'Date': '2023-03-23', 'Time': '23:52'}, 'Terminal': {'Name': '1', 'Gate': '008'}, 'Status': {'Code': 'DP', 'Description': 'Flight Departed'}};{'AirportCode': 'FRA', 'Scheduled': {'Date': '2023-03-24', 'Time': '07:15'}, 'Actual': {'Date': '2023-03-24', 'Time': '07:18'}, 'Terminal': {'Name': '1', 'Gate': 'B25A'}, 'Status': {'Code': 'LD', 'Description': 'Flight Landed'}};{'AirlineID': 'LH', 'FlightNumber': '797'};{'AircraftCode': '343'};{'Code': 'LD', 'Description': 'Flight Landed'}
{'AirportCode': 'JFK', 'Scheduled': {'Date': '2023-03-23', 'Time': '22:05'}, 'Actual': {'Date': '2023-03-23', 'Time': '22:01'}, 'Terminal': {'Name': '1', 'Gate': '005'}, 'Status': {'Code': 'DP', 'Description': 'Flight Departed'}};{'AirportCode': 'ZRH', 'Scheduled': {'Date': '2023-03-24', 'Time': '10:45'}, 'Actual': {'Date': '2023-03-24', 'Time': '10:57'}, 'Status': {'Code': 'LD', 'Description': 'Flight Landed'}};{'AirlineID': 'LX', 'FlightNumber': '015'};{'AircraftCode': '333'};{'Code': 'LD', 'Description': 'Flight Landed'}
{'AirportCode': 'KWI', 'Scheduled': {'Date': '2023-03-24', 'Time': '02:20'}, 'Actual': {'Date': '2023-03-24', 'Time': '01:58'}, 'Terminal': {'Name': '1', 'Gate': '022'}, 'Status': {'Code': 'DP', 'Description': 'Flight Departed'}};{'AirportCode': 'FRA', 'Scheduled': {'Date': '2023-03-24', 'Time': '06:45'}, 'Actual': {'Date': '2023-03-24', 'Time': '06:28'}, 'Terminal': {'Name': '1', 'Gate': 'B22A'}, 'Status': {'Code': 'LD', 'Description': 'Flight Landed'}};{'AirlineID': 'LH', 'FlightNumber': '625'};{'AircraftCode': '333'};{'Code': 'LD', 'Description': 'Flight Landed'}
{'AirportCode': 'KWQ', 'Scheduled': {'Date': '2023-03-23', 'Time': '21:50'}, 'Actual': {'Date': '2023-03-23', 'Time': '23:39'}, 'Terminal': {'Gate': 'T03'}, 'Status': {'Code': 'DP', 'Description': 'Flight Departed'}};{'AirportCode': 'ZEU', 'Scheduled': {'Date': '2023-03-23', 'Time': '22:09'}, 'Actual': {'Date': '2023-03-23', 'Time': '23:55'}, 'Status': {'Code': 'LD', 'Description': 'Flight Landed'}};{'AirlineID': '2A', 'FlightNumber': '3704'};{'AircraftCode': 'TRN'};{'Code': 'LD', 'Description': 'Flight Landed'}
{'AirportCode': 'LZS', 'Scheduled': {'Date': '2023-03-23', 'Time': '22:30'}, 'Actual': {'Date': '2023-03-23', 'Time': '22:30'}, 'Status': {'Code': 'OT', 'Description': 'Flight On Time'}};{'AirportCode': 'ZSB', 'Scheduled': {'Date': '2023-03-23', 'Time': '23:49'}, 'Actual': {'Date': '2023-03-23', 'Time': '23:49'}, 'Status': {'Code': 'OT', 'Description': 'Flight On Time'}};{'AirlineID': 'OS', 'FlightNumber': '3531'};{'AircraftCode': 'TRN'};{'Code': 'OT', 'Description': 'Flight On Time'}
{'AirportCode': 'LZS', 'Scheduled': {'Date': '2023-03-23', 'Time': '23:45'}, 'Actual': {'Date': '2023-03-23', 'Time': '23:45'}, 'Status': {'Code': 'OT', 'Description': 'Flight On Time'}};{'AirportCode': 'ZSB', 'Scheduled': {'Date': '2023-03-24', 'Time': '00:59'}, 'Actual': {'Date': '2023-03-24', 'Time': '00:59'}, 'Status': {'Code': 'OT', 'Description': 'Flight On Time'}};{'AirlineID': 'OS', 'FlightNumber': '3533'};{'AircraftCode': 'TRN'};{'Code': 'OT', 'Description': 'Flight On Time'}
{'AirportCode': 'MAA', 'Scheduled': {'Date': '2023-03-24', 'Time': '01:50'}, 'Actual': {'Date': '2023-03-24', 'Time': '01:57'}, 'Terminal': {'Name': '4', 'Gate': '017'}, 'Status': {'Code': 'DP', 'Description': 'Flight Departed'}};{'AirportCode': 'FRA', 'Scheduled': {'Date': '2023-03-24', 'Time': '07:55'}, 'Actual': {'Date': '2023-03-24', 'Time': '07:57'}, 'Terminal': {'Name': '1', 'Gate': 'B20A'}, 'Status': {'Code': 'LD', 'Description': 'Flight Landed'}};{'AirlineID': 'LH', 'FlightNumber': '759'};{'AircraftCode': '343'};{'Code': 'LD', 'Description': 'Flight Landed'}
{'AirportCode': 'MKF', 'Scheduled': {'Date': '2023-03-23', 'Time': '21:57'}, 'Actual': {'Date': '2023-03-23', 'Time': '22:01'}, 'Terminal': {'Gate': 'T12'}, 'Status': {'Code': 'DP', 'Description': 'Flight Departed'}};{'AirportCode': 'ZPE', 'Scheduled': {'Date': '2023-03-23', 'Time': '22:21'}, 'Actual': {'Date': '2023-03-23', 'Time': '22:24'}, 'Status': {'Code': 'LD', 'Description': 'Flight Landed'}};{'AirlineID': '2A', 'FlightNumber': '3664'};{'AircraftCode': 'TRN'};{'Code': 'LD', 'Description': 'Flight Landed'}
{'AirportCode': 'MUC', 'Scheduled': {'Date': '2023-03-23', 'Time': '21:05'}, 'Actual': {'Date': '2023-03-23', 'Time': '22:06'}, 'Terminal': {'Name': '2', 'Gate': 'G24'}, 'Status': {'Code': 'DP', 'Description': 'Flight Departed'}};{'AirportCode': 'WAW', 'Scheduled': {'Date': '2023-03-23', 'Time': '22:35'}, 'Actual': {'Date': '2023-03-23', 'Time': '23:28'}, 'Status': {'Code': 'LD', 'Description': 'Flight Landed'}};{'AirlineID': 'CL', 'FlightNumber': '1616'};{'AircraftCode': '319'};{'Code': 'LD', 'Description': 'Flight Landed'}
{'AirportCode': 'MUC', 'Scheduled': {'Date': '2023-03-23', 'Time': '21:45'}, 'Actual': {'Date': '2023-03-23', 'Time': '23:26'}, 'Terminal': {'Name': '2', 'Gate': 'H24'}, 'Status': {'Code': 'DP', 'Description': 'Flight Departed'}};{'AirportCode': 'TIA', 'Scheduled': {'Date': '2023-03-23', 'Time': '23:30'}, 'Actual': {'Date': '2023-03-24', 'Time': '01:02'}, 'Status': {'Code': 'LD', 'Description': 'Flight Landed'}};{'AirlineID': 'LH', 'FlightNumber': '1714'};{'AircraftCode': '32V'};{'Code': 'LD', 'Description': 'Flight Landed'}
{'AirportCode': 'MUC', 'Scheduled': {'Date': '2023-03-23', 'Time': '21:50'}, 'Actual': {'Date': '2023-03-23', 'Time': '22:21'}, 'Terminal': {'Name': '2', 'Gate': 'K22'}, 'Status': {'Code': 'DP', 'Description': 'Flight Departed'}};{'AirportCode': 'VCE', 'Scheduled': {'Date': '2023-03-23', 'Time': '22:50'}, 'Actual': {'Date': '2023-03-23', 'Time': '23:23'}, 'Status': {'Code': 'LD', 'Description': 'Flight Landed'}};{'AirlineID': 'EN', 'FlightNumber': '8206'};{'AircraftCode': 'E95'};{'Code': 'LD', 'Description': 'Flight Landed'}
{'AirportCode': 'MUC', 'Scheduled': {'Date': '2023-03-23', 'Time': '21:50'}, 'Actual': {'Date': '2023-03-23', 'Time': '22:09'}, 'Terminal': {'Name': '2', 'Gate': 'K30'}, 'Status': {'Code': 'DP', 'Description': 'Flight Departed'}};{'AirportCode': 'STR', 'Scheduled': {'Date': '2023-03-23', 'Time': '22:35'}, 'Actual': {'Date': '2023-03-23', 'Time': '22:48'}, 'Terminal': {'Name': '1'}, 'Status': {'Code': 'LD', 'Description': 'Flight Landed'}};{'AirlineID': 'LH', 'FlightNumber': '2152'};{'AircraftCode': '319'};{'Code': 'LD', 'Description': 'Flight Landed'}
{'AirportCode': 'MUC', 'Scheduled': {'Date': '2023-03-23', 'Time': '21:55'}, 'Actual': {'Date': '2023-03-23', 'Time': '22:02'}, 'Terminal': {'Name': '2', 'Gate': 'H10'}, 'Status': {'Code': 'DP', 'Description': 'Flight Departed'}};{'AirportCode': 'TBS', 'Scheduled': {'Date': '2023-03-24', 'Time': '04:45'}, 'Actual': {'Date': '2023-03-24', 'Time': '04:51'}, 'Terminal': {'Gate': '103'}, 'Status': {'Code': 'LD', 'Description': 'Flight Landed'}};{'AirlineID': 'LH', 'FlightNumber': '2558'};{'AircraftCode': '32Q'};{'Code': 'LD', 'Description': 'Flight Landed'}
{'AirportCode': 'MUC', 'Scheduled': {'Date': '2023-03-23', 'Time': '22:00'}, 'Actual': {'Date': '2023-03-23', 'Time': '22:05'}, 'Terminal': {'Name': '2', 'Gate': 'K20'}, 'Status': {'Code': 'DP', 'Description': 'Flight Departed'}};{'AirportCode': 'BLQ', 'Scheduled': {'Date': '2023-03-23', 'Time': '23:05'}, 'Actual': {'Date': '2023-03-23', 'Time': '23:13'}, 'Status': {'Code': 'LD', 'Description': 'Flight Landed'}};{'AirlineID': 'EN', 'FlightNumber': '8244'};{'AircraftCode': 'E95'};{'Code': 'LD', 'Description': 'Flight Landed'}
{'AirportCode': 'MUC', 'Scheduled': {'Date': '2023-03-23', 'Time': '22:05'}, 'Actual': {'Date': '2023-03-23', 'Time': '22:06'}, 'Terminal': {'Name': '2', 'Gate': 'H14'}, 'Status': {'Code': 'DP', 'Description': 'Flight Departed'}};{'AirportCode': 'MAN', 'Scheduled': {'Date': '2023-03-23', 'Time': '23:15'}, 'Actual': {'Date': '2023-03-23', 'Time': '23:09'}, 'Terminal': {'Name': '1'}, 'Status': {'Code': 'LD', 'Description': 'Flight Landed'}};{'AirlineID': 'LH', 'FlightNumber': '2506'};{'AircraftCode': '32V'};{'Code': 'LD', 'Description': 'Flight Landed'}
{'AirportCode': 'MUC', 'Scheduled': {'Date': '2023-03-23', 'Time': '22:10'}, 'Actual': {'Date': '2023-03-23', 'Time': '22:20'}, 'Terminal': {'Name': '2', 'Gate': 'H40'}, 'Status': {'Code': 'DP', 'Description': 'Flight Departed'}};{'AirportCode': 'OTP', 'Scheduled': {'Date': '2023-03-24', 'Time': '01:10'}, 'Actual': {'Date': '2023-03-24', 'Time': '01:14'}, 'Status': {'Code': 'LD', 'Description': 'Flight Landed'}};{'AirlineID': 'LH', 'FlightNumber': '1654'};{'AircraftCode': '32N'};{'Code': 'LD', 'Description': 'Flight Landed'}
{'AirportCode': 'MUC', 'Scheduled': {'Date': '2023-03-23', 'Time': '22:10'}, 'Actual': {'Date': '2023-03-23', 'Time': '22:42'}, 'Terminal': {'Name': '2', 'Gate': 'H38'}, 'Status': {'Code': 'DP', 'Description': 'Flight Departed'}};{'AirportCode': 'CLJ', 'Scheduled': {'Date': '2023-03-24', 'Time': '00:50'}, 'Actual': {'Date': '2023-03-24', 'Time': '01:17'}, 'Status': {'Code': 'LD', 'Description': 'Flight Landed'}};{'AirlineID': 'EN', 'FlightNumber': '1670'};{'AircraftCode': 'E95'};{'Code': 'LD', 'Description': 'Flight Landed'}
{'AirportCode': 'MUC', 'Scheduled': {'Date': '2023-03-23', 'Time': '22:10'}, 'Actual': {'Date': '2023-03-23', 'Time': '22:13'}, 'Terminal': {'Name': '2', 'Gate': 'K21'}, 'Status': {'Code': 'DP', 'Description': 'Flight Departed'}};{'AirportCode': 'BUD', 'Scheduled': {'Date': '2023-03-23', 'Time': '23:25'}, 'Actual': {'Date': '2023-03-23', 'Time': '23:18'}, 'Terminal': {'Name': '2A'}, 'Status': {'Code': 'LD', 'Description': 'Flight Landed'}};{'AirlineID': 'LH', 'FlightNumber': '1682'};{'AircraftCode': '320'};{'Code': 'LD', 'Description': 'Flight Landed'}
{'AirportCode': 'MUC', 'Scheduled': {'Date': '2023-03-23', 'Time': '22:15'}, 'Actual': {'Date': '2023-03-23', 'Time': '22:15'}, 'Terminal': {'Name': '2', 'Gate': 'K27'}, 'Status': {'Code': 'DP', 'Description': 'Flight Departed'}};{'AirportCode': 'KRK', 'Scheduled': {'Date': '2023-03-23', 'Time': '23:35'}, 'Actual': {'Date': '2023-03-23', 'Time': '23:37'}, 'Status': {'Code': 'LD', 'Description': 'Flight Landed'}};{'AirlineID': 'LH', 'FlightNumber': '1624'};{'AircraftCode': '32V'};{'Code': 'LD', 'Description': 'Flight Landed'}
{'AirportCode': 'MUC', 'Scheduled': {'Date': '2023-03-23', 'Time': '22:15'}, 'Actual': {'Date': '2023-03-23', 'Time': '22:15'}, 'Terminal': {'Name': '2', 'Gate': 'G81'}, 'Status': {'Code': 'DP', 'Description': 'Flight Departed'}};{'AirportCode': 'WRO', 'Scheduled': {'Date': '2023-03-23', 'Time': '23:25'}, 'Actual': {'Date': '2023-03-23', 'Time': '23:20'}, 'Status': {'Code': 'LD', 'Description': 'Flight Landed'}};{'AirlineID': 'CL', 'FlightNumber': '1634'};{'AircraftCode': 'CR9'};{'Code': 'LD', 'Description': 'Flight Landed'}
{'AirportCode': 'MUC', 'Scheduled': {'Date': '2023-03-23', 'Time': '22:15'}, 'Actual': {'Date': '2023-03-23', 'Time': '22:17'}, 'Terminal': {'Name': '2', 'Gate': 'G82'}, 'Status': {'Code': 'DP', 'Description': 'Flight Departed'}};{'AirportCode': 'POZ', 'Scheduled': {'Date': '2023-03-23', 'Time': '23:30'}, 'Actual': {'Date': '2023-03-23', 'Time': '23:27'}, 'Status': {'Code': 'LD', 'Description': 'Flight Landed'}};{'AirlineID': 'CL', 'FlightNumber': '1640'};{'AircraftCode': 'CR9'};{'Code': 'LD', 'Description': 'Flight Landed'}
{'AirportCode': 'MUC', 'Scheduled': {'Date': '2023-03-23', 'Time': '22:15'}, 'Actual': {'Date': '2023-03-23', 'Time': '22:25'}, 'Terminal': {'Name': '2', 'Gate': 'K14'}, 'Status': {'Code': 'DP', 'Description': 'Flight Departed'}};{'AirportCode': 'MXP', 'Scheduled': {'Date': '2023-03-23', 'Time': '23:20'}, 'Actual': {'Date': '2023-03-23', 'Time': '23:29'}, 'Terminal': {'Name': '1'}, 'Status': {'Code': 'LD', 'Description': 'Flight Landed'}};{'AirlineID': 'EN', 'FlightNumber': '1862'};{'AircraftCode': 'E95'};{'Code': 'LD', 'Description': 'Flight Landed'}
{'AirportCode': 'MUC', 'Scheduled': {'Date': '2023-03-23', 'Time': '22:15'}, 'Actual': {'Date': '2023-03-23', 'Time': '22:08'}, 'Terminal': {'Name': '2', 'Gate': 'K06'}, 'Status': {'Code': 'DP', 'Description': 'Flight Departed'}};{'AirportCode': 'HAJ', 'Scheduled': {'Date': '2023-03-23', 'Time': '23:20'}, 'Actual': {'Date': '2023-03-23', 'Time': '23:13'}, 'Status': {'Code': 'LD', 'Description': 'Flight Landed'}};{'AirlineID': 'LH', 'FlightNumber': '2108'};{'AircraftCode': '319'};{'Code': 'LD', 'Description': 'Flight Landed'}
{'AirportCode': 'MUC', 'Scheduled': {'Date': '2023-03-23', 'Time': '22:20'}, 'Actual': {'Date': '2023-03-23', 'Time': '22:23'}, 'Terminal': {'Name': '2', 'Gate': 'K10'}, 'Status': {'Code': 'DP', 'Description': 'Flight Departed'}};{'AirportCode': 'VRN', 'Scheduled': {'Date': '2023-03-23', 'Time': '23:20'}, 'Actual': {'Date': '2023-03-23', 'Time': '23:19'}, 'Status': {'Code': 'LD', 'Description': 'Flight Landed'}};{'AirlineID': 'EN', 'FlightNumber': '8212'};{'AircraftCode': 'E95'};{'Code': 'LD', 'Description': 'Flight Landed'}
{'AirportCode': 'MUC', 'Scheduled': {'Date': '2023-03-23', 'Time': '22:20'}, 'Actual': {'Date': '2023-03-23', 'Time': '22:33'}, 'Terminal': {'Name': '2', 'Gate': 'H02'}, 'Status': {'Code': 'DP', 'Description': 'Flight Departed'}};{'AirportCode': 'SIN', 'Scheduled': {'Date': '2023-03-24', 'Time': '17:25'}, 'Actual': {'Date': '2023-03-24', 'Time': '17:13'}, 'Terminal': {'Name': '2', 'Gate': 'F41'}, 'Status': {'Code': 'LD', 'Description': 'Flight Landed'}};{'AirlineID': 'LH', 'FlightNumber': '790'};{'AircraftCode': '359'};{'Code': 'LD', 'Description': 'Flight Landed'}
{'AirportCode': 'MUC', 'Scheduled': {'Date': '2023-03-23', 'Time': '22:20'}, 'Actual': {'Date': '2023-03-23', 'Time': '22:23'}, 'Terminal': {'Name': '2', 'Gate': 'H41'}, 'Status': {'Code': 'DP', 'Description': 'Flight Departed'}};{'AirportCode': 'SBZ', 'Scheduled': {'Date': '2023-03-24', 'Time': '01:00'}, 'Actual': {'Date': '2023-03-24', 'Time': '00:55'}, 'Status': {'Code': 'LD', 'Description': 'Flight Landed'}};{'AirlineID': 'CL', 'FlightNumber': '1664'};{'AircraftCode': 'CR9'};{'Code': 'LD', 'Description': 'Flight Landed'}
{'AirportCode': 'MUC', 'Scheduled': {'Date': '2023-03-23', 'Time': '22:20'}, 'Actual': {'Date': '2023-03-23', 'Time': '22:46'}, 'Terminal': {'Name': '2', 'Gate': 'G26'}, 'Status': {'Code': 'DP', 'Description': 'Flight Departed'}};{'AirportCode': 'CGN', 'Scheduled': {'Date': '2023-03-23', 'Time': '23:25'}, 'Actual': {'Date': '2023-03-23', 'Time': '23:46'}, 'Terminal': {'Name': '1', 'Gate': 'C20'}, 'Status': {'Code': 'LD', 'Description': 'Flight Landed'}};{'AirlineID': 'LH', 'FlightNumber': '1992'};{'AircraftCode': '320'};{'Code': 'LD', 'Description': 'Flight Landed'}
{'AirportCode': 'MUC', 'Scheduled': {'Date': '2023-03-23', 'Time': '22:25'}, 'Actual': {'Date': '2023-03-23', 'Time': '22:32'}, 'Terminal': {'Name': '2', 'Gate': 'G64'}, 'Status': {'Code': 'DP', 'Description': 'Flight Departed'}};{'AirportCode': 'GRZ', 'Scheduled': {'Date': '2023-03-23', 'Time': '23:15'}, 'Actual': {'Date': '2023-03-23', 'Time': '23:16'}, 'Status': {'Code': 'LD', 'Description': 'Flight Landed'}};{'AirlineID': 'CL', 'FlightNumber': '2344'};{'AircraftCode': 'CR9'};{'Code': 'LD', 'Description': 'Flight Landed'}
{'AirportCode': 'MUC', 'Scheduled': {'Date': '2023-03-23', 'Time': '22:45'}, 'Actual': {'Date': '2023-03-23', 'Time': '23:11'}, 'Terminal': {'Name': '2', 'Gate': 'H08'}, 'Status': {'Code': 'DP', 'Description': 'Flight Departed'}};{'AirportCode': 'BKK', 'Scheduled': {'Date': '2023-03-24', 'Time': '15:15'}, 'Actual': {'Date': '2023-03-24', 'Time': '15:27'}, 'Terminal': {'Gate': 'F06'}, 'Status': {'Code': 'LD', 'Description': 'Flight Landed'}};{'AirlineID': 'LH', 'FlightNumber': '772'};{'AircraftCode': '359'};{'Code': 'LD', 'Description': 'Flight Landed'}
{'AirportCode': 'MUC', 'Scheduled': {'Date': '2023-03-23', 'Time': '22:50'}, 'Actual': {'Date': '2023-03-23', 'Time': '23:20'}, 'Terminal': {'Name': '2', 'Gate': 'H32'}, 'Status': {'Code': 'DP', 'Description': 'Flight Departed'}};{'AirportCode': 'DXB', 'Scheduled': {'Date': '2023-03-24', 'Time': '07:40'}, 'Actual': {'Date': '2023-03-24', 'Time': '08:06'}, 'Terminal': {'Name': '1', 'Gate': 'D02'}, 'Status': {'Code': 'LD', 'Description': 'Flight Landed'}};{'AirlineID': 'LH', 'FlightNumber': '638'};{'AircraftCode': '359'};{'Code': 'LD', 'Description': 'Flight Landed'}
{'AirportCode': 'NBO', 'Scheduled': {'Date': '2023-03-23', 'Time': '23:00'}, 'Actual': {'Date': '2023-03-23', 'Time': '23:40'}, 'Terminal': {'Name': '1C', 'Gate': '005'}, 'Status': {'Code': 'DP', 'Description': 'Flight Departed'}};{'AirportCode': 'FRA', 'Scheduled': {'Date': '2023-03-24', 'Time': '05:30'}, 'Actual': {'Date': '2023-03-24', 'Time': '05:54'}, 'Terminal': {'Name': '1', 'Gate': 'Z50A'}, 'Status': {'Code': 'LD', 'Description': 'Flight Landed'}};{'AirlineID': 'LH', 'FlightNumber': '591'};{'AircraftCode': '333'};{'Code': 'LD', 'Description': 'Flight Landed'}
{'AirportCode': 'NSI', 'Scheduled': {'Date': '2023-03-23', 'Time': '22:10'}, 'Actual': {'Date': '2023-03-23', 'Time': '22:12'}, 'Status': {'Code': 'DP', 'Description': 'Flight Departed'}};{'AirportCode': 'BRU', 'Scheduled': {'Date': '2023-03-24', 'Time': '05:05'}, 'Actual': {'Date': '2023-03-24', 'Time': '04:59'}, 'Status': {'Code': 'LD', 'Description': 'Flight Landed'}};{'AirlineID': 'SN', 'FlightNumber': '379'};{'AircraftCode': '333'};{'Code': 'LD', 'Description': 'Flight Landed'}
{'AirportCode': 'ORD', 'Scheduled': {'Date': '2023-03-23', 'Time': '22:25'}, 'Actual': {'Date': '2023-03-23', 'Time': '22:25'}, 'Terminal': {'Name': '1', 'Gate': 'B17'}, 'Status': {'Code': 'DP', 'Description': 'Flight Departed'}};{'AirportCode': 'MUC', 'Scheduled': {'Date': '2023-03-24', 'Time': '12:55'}, 'Actual': {'Date': '2023-03-24', 'Time': '12:51'}, 'Terminal': {'Name': '2', 'Gate': 'L30'}, 'Status': {'Code': 'LD', 'Description': 'Flight Landed'}};{'AirlineID': 'LH', 'FlightNumber': '435'};{'AircraftCode': '359'};{'Code': 'LD', 'Description': 'Flight Landed'}
{'AirportCode': 'OUA', 'Scheduled': {'Date': '2023-03-23', 'Time': '22:35'}, 'Actual': {'Date': '2023-03-23', 'Time': '22:47'}, 'Status': {'Code': 'DP', 'Description': 'Flight Departed'}};{'AirportCode': 'BRU', 'Scheduled': {'Date': '2023-03-24', 'Time': '05:15'}, 'Actual': {'Date': '2023-03-24', 'Time': '05:17'}, 'Status': {'Code': 'LD', 'Description': 'Flight Landed'}};{'AirlineID': 'SN', 'FlightNumber': '256'};{'AircraftCode': '333'};{'Code': 'LD', 'Description': 'Flight Landed'}
{'AirportCode': 'PUJ', 'Scheduled': {'Date': '2023-03-24', 'Time': '00:15'}, 'Actual': {'Date': '2023-03-24', 'Time': '00:32'}, 'Terminal': {'Name': 'A'}, 'Status': {'Code': 'DP', 'Description': 'Flight Departed'}};{'AirportCode': 'ZRH', 'Scheduled': {'Date': '2023-03-24', 'Time': '14:30'}, 'Actual': {'Date': '2023-03-24', 'Time': '13:49'}, 'Status': {'Code': 'LD', 'Description': 'Flight Landed'}};{'AirlineID': 'WK', 'FlightNumber': '035'};{'AircraftCode': '343'};{'Code': 'LD', 'Description': 'Flight Landed'}
{'AirportCode': 'PVG', 'Scheduled': {'Date': '2023-03-24', 'Time': '00:05'}, 'Actual': {'Date': '2023-03-24', 'Time': '00:08'}, 'Terminal': {'Name': '2', 'Gate': 'D69'}, 'Status': {'Code': 'DP', 'Description': 'Flight Departed'}};{'AirportCode': 'VIE', 'Scheduled': {'Date': '2023-03-24', 'Time': '05:50'}, 'Actual': {'Date': '2023-03-24', 'Time': '05:38'}, 'Terminal': {'Name': '3'}, 'Status': {'Code': 'LD', 'Description': 'Flight Landed'}};{'AirlineID': 'OS', 'FlightNumber': '076'};{'AircraftCode': '772'};{'Code': 'LD', 'Description': 'Flight Landed'}
{'AirportCode': 'PVG', 'Scheduled': {'Date': '2023-03-24', 'Time': '00:40'}, 'Actual': {'Date': '2023-03-24', 'Time': '00:34'}, 'Terminal': {'Name': '2', 'Gate': 'D71'}, 'Status': {'Code': 'DP', 'Description': 'Flight Departed'}};{'AirportCode': 'FRA', 'Scheduled': {'Date': '2023-03-24', 'Time': '07:35'}, 'Actual': {'Date': '2023-03-24', 'Time': '07:13'}, 'Terminal': {'Name': '1', 'Gate': 'B28A'}, 'Status': {'Code': 'LD', 'Description': 'Flight Landed'}};{'AirlineID': 'LH', 'FlightNumber': '729'};{'AircraftCode': '744'};{'Code': 'LD', 'Description': 'Flight Landed'}
{'AirportCode': 'QKL', 'Scheduled': {'Date': '2023-03-23', 'Time': '22:12'}, 'Actual': {'Date': '2023-03-23', 'Time': '22:31'}, 'Terminal': {'Gate': 'T05'}, 'Status': {'Code': 'DP', 'Description': 'Flight Departed'}};{'AirportCode': 'QDU', 'Scheduled': {'Date': '2023-03-23', 'Time': '22:33'}, 'Actual': {'Date': '2023-03-23', 'Time': '22:51'}, 'Status': {'Code': 'LD', 'Description': 'Flight Landed'}};{'AirlineID': '2A', 'FlightNumber': '3630'};{'AircraftCode': 'TRN'};{'Code': 'LD', 'Description': 'Flight Landed'}
{'AirportCode': 'QLS', 'Scheduled': {'Date': '2023-03-23', 'Time': '22:51'}, 'Actual': {'Date': '2023-03-23', 'Time': '22:51'}, 'Status': {'Code': 'OT', 'Description': 'Flight On Time'}};{'AirportCode': 'ZHT', 'Scheduled': {'Date': '2023-03-23', 'Time': '23:45'}, 'Actual': {'Date': '2023-03-23', 'Time': '23:45'}, 'Status': {'Code': 'OT', 'Description': 'Flight On Time'}};{'AirlineID': 'YY', 'FlightNumber': '9424'};{'AircraftCode': 'TRN'};{'Code': 'OT', 'Description': 'Flight On Time'}
{'AirportCode': 'QLS', 'Scheduled': {'Date': '2023-03-24', 'Time': '00:25'}, 'Actual': {'Date': '2023-03-24', 'Time': '00:25'}, 'Status': {'Code': 'OT', 'Description': 'Flight On Time'}};{'AirportCode': 'ZHT', 'Scheduled': {'Date': '2023-03-24', 'Time': '01:17'}, 'Actual': {'Date': '2023-03-24', 'Time': '01:17'}, 'Status': {'Code': 'OT', 'Description': 'Flight On Time'}};{'AirlineID': 'YY', 'FlightNumber': '9428'};{'AircraftCode': 'TRN'};{'Code': 'OT', 'Description': 'Flight On Time'}
{'AirportCode': 'QUL', 'Scheduled': {'Date': '2023-03-23', 'Time': '23:14'}, 'Actual': {'Date': '2023-03-23', 'Time': '23:36'}, 'Terminal': {'Gate': 'T02'}, 'Status': {'Code': 'DP', 'Description': 'Flight Departed'}};{'AirportCode': 'ZMU', 'Scheduled': {'Date': '2023-03-24', 'Time': '00:30'}, 'Actual': {'Date': '2023-03-24', 'Time': '00:51'}, 'Status': {'Code': 'LD', 'Description': 'Flight Landed'}};{'AirlineID': '2A', 'FlightNumber': '3428'};{'AircraftCode': 'TRN'};{'Code': 'LD', 'Description': 'Flight Landed'}
{'AirportCode': 'QWU', 'Scheduled': {'Date': '2023-03-23', 'Time': '22:04'}, 'Actual': {'Date': '2023-03-23', 'Time': '22:18'}, 'Terminal': {'Gate': 'T04'}, 'Status': {'Code': 'DP', 'Description': 'Flight Departed'}};{'AirportCode': 'ZAQ', 'Scheduled': {'Date': '2023-03-23', 'Time': '22:59'}, 'Actual': {'Date': '2023-03-23', 'Time': '23:11'}, 'Status': {'Code': 'LD', 'Description': 'Flight Landed'}};{'AirlineID': '2A', 'FlightNumber': '3486'};{'AircraftCode': 'TRN'};{'Code': 'LD', 'Description': 'Flight Landed'}
{'AirportCode': 'RUH', 'Scheduled': {'Date': '2023-03-24', 'Time': '01:50'}, 'Actual': {'Date': '2023-03-24', 'Time': '01:44'}, 'Terminal': {'Name': '1', 'Gate': '024'}, 'Status': {'Code': 'DP', 'Description': 'Flight Departed'}};{'AirportCode': 'FRA', 'Scheduled': {'Date': '2023-03-24', 'Time': '06:30'}, 'Actual': {'Date': '2023-03-24', 'Time': '06:03'}, 'Terminal': {'Name': '1', 'Gate': 'Z66A'}, 'Status': {'Code': 'LD', 'Description': 'Flight Landed'}};{'AirlineID': 'LH', 'FlightNumber': '637'};{'AircraftCode': '333'};{'Code': 'LD', 'Description': 'Flight Landed'}
{'AirportCode': 'SIN', 'Scheduled': {'Date': '2023-03-23', 'Time': '23:55'}, 'Actual': {'Date': '2023-03-24', 'Time': '00:21'}, 'Terminal': {'Name': '2', 'Gate': 'F60'}, 'Status': {'Code': 'DP', 'Description': 'Flight Departed'}};{'AirportCode': 'FRA', 'Scheduled': {'Date': '2023-03-24', 'Time': '06:00'}, 'Actual': {'Date': '2023-03-24', 'Time': '06:23'}, 'Terminal': {'Name': '1', 'Gate': 'Z23'}, 'Status': {'Code': 'LD', 'Description': 'Flight Landed'}};{'AirlineID': 'LH', 'FlightNumber': '779'};{'AircraftCode': '74H'};{'Code': 'LD', 'Description': 'Flight Landed'}
{'AirportCode': 'SIN', 'Scheduled': {'Date': '2023-03-23', 'Time': '23:55'}, 'Actual': {'Date': '2023-03-24', 'Time': '00:04'}, 'Terminal': {'Name': '2', 'Gate': 'F58'}, 'Status': {'Code': 'DP', 'Description': 'Flight Departed'}};{'AirportCode': 'MUC', 'Scheduled': {'Date': '2023-03-24', 'Time': '05:55'}, 'Actual': {'Date': '2023-03-24', 'Time': '05:56'}, 'Terminal': {'Name': '2', 'Gate': 'L15'}, 'Status': {'Code': 'LD', 'Description': 'Flight Landed'}};{'AirlineID': 'LH', 'FlightNumber': '791'};{'AircraftCode': '359'};{'Code': 'LD', 'Description': 'Flight Landed'}
{'AirportCode': 'SIN', 'Scheduled': {'Date': '2023-03-24', 'Time': '00:05'}, 'Actual': {'Date': '2023-03-24', 'Time': '00:51'}, 'Terminal': {'Name': '2', 'Gate': 'F41'}, 'Status': {'Code': 'DP', 'Description': 'Flight Departed'}};{'AirportCode': 'ZRH', 'Scheduled': {'Date': '2023-03-24', 'Time': '06:10'}, 'Actual': {'Date': '2023-03-24', 'Time': '06:43'}, 'Status': {'Code': 'LD', 'Description': 'Flight Landed'}};{'AirlineID': 'LX', 'FlightNumber': '177'};{'AircraftCode': '77W'};{'Code': 'LD', 'Description': 'Flight Landed'}
{'AirportCode': 'TLV', 'Scheduled': {'Date': '2023-03-24', 'Time': '01:05'}, 'Actual': {'Date': '2023-03-24', 'Time': '01:10'}, 'Terminal': {'Name': '3'}, 'Status': {'Code': 'DP', 'Description': 'Flight Departed'}};{'AirportCode': 'BRU', 'Scheduled': {'Date': '2023-03-24', 'Time': '05:05'}, 'Actual': {'Date': '2023-03-24', 'Time': '04:55'}, 'Status': {'Code': 'LD', 'Description': 'Flight Landed'}};{'AirlineID': 'SN', 'FlightNumber': '3292'};{'AircraftCode': '320'};{'Code': 'LD', 'Description': 'Flight Landed'}
{'AirportCode': 'VIE', 'Scheduled': {'Date': '2023-03-23', 'Time': '22:03'}, 'Actual': {'Date': '2023-03-23', 'Time': '22:03'}, 'Terminal': {'Name': '3'}, 'Status': {'Code': 'OT', 'Description': 'Flight On Time'}};{'AirportCode': 'LZS', 'Scheduled': {'Date': '2023-03-23', 'Time': '23:43'}, 'Actual': {'Date': '2023-03-23', 'Time': '23:43'}, 'Status': {'Code': 'OT', 'Description': 'Flight On Time'}};{'AirlineID': 'OS', 'FlightNumber': '3533'};{'AircraftCode': 'TRN'};{'Code': 'OT', 'Description': 'Flight On Time'}
{'AirportCode': 'VIE', 'Scheduled': {'Date': '2023-03-23', 'Time': '22:05'}, 'Actual': {'Date': '2023-03-23', 'Time': '22:12'}, 'Terminal': {'Name': '3', 'Gate': 'F17'}, 'Status': {'Code': 'DP', 'Description': 'Flight Departed'}};{'AirportCode': 'ATH', 'Scheduled': {'Date': '2023-03-24', 'Time': '01:10'}, 'Actual': {'Date': '2023-03-24', 'Time': '01:06'}, 'Status': {'Code': 'LD', 'Description': 'Flight Landed'}};{'AirlineID': 'OS', 'FlightNumber': '803'};{'AircraftCode': '320'};{'Code': 'LD', 'Description': 'Flight Landed'}
{'AirportCode': 'VIE', 'Scheduled': {'Date': '2023-03-23', 'Time': '22:20'}, 'Actual': {'Date': '2023-03-23', 'Time': '22:18'}, 'Terminal': {'Name': '3', 'Gate': 'F22'}, 'Status': {'Code': 'DP', 'Description': 'Flight Departed'}};{'AirportCode': 'KRK', 'Scheduled': {'Date': '2023-03-23', 'Time': '23:20'}, 'Actual': {'Date': '2023-03-23', 'Time': '23:14'}, 'Status': {'Code': 'LD', 'Description': 'Flight Landed'}};{'AirlineID': 'OS', 'FlightNumber': '599'};{'AircraftCode': 'E95'};{'Code': 'LD', 'Description': 'Flight Landed'}
{'AirportCode': 'VIE', 'Scheduled': {'Date': '2023-03-23', 'Time': '22:20'}, 'Actual': {'Date': '2023-03-23', 'Time': '22:22'}, 'Terminal': {'Name': '3', 'Gate': 'G12'}, 'Status': {'Code': 'DP', 'Description': 'Flight Departed'}};{'AirportCode': 'EVN', 'Scheduled': {'Date': '2023-03-24', 'Time': '04:40'}, 'Actual': {'Date': '2023-03-24', 'Time': '04:50'}, 'Status': {'Code': 'LD', 'Description': 'Flight Landed'}};{'AirlineID': 'OS', 'FlightNumber': '641'};{'AircraftCode': '320'};{'Code': 'LD', 'Description': 'Flight Landed'}
{'AirportCode': 'VIE', 'Scheduled': {'Date': '2023-03-23', 'Time': '22:20'}, 'Actual': {'Date': '2023-03-23', 'Time': '22:19'}, 'Terminal': {'Name': '3', 'Gate': 'F07'}, 'Status': {'Code': 'DP', 'Description': 'Flight Departed'}};{'AirportCode': 'KSC', 'Scheduled': {'Date': '2023-03-23', 'Time': '23:15'}, 'Actual': {'Date': '2023-03-23', 'Time': '23:07'}, 'Status': {'Code': 'LD', 'Description': 'Flight Landed'}};{'AirlineID': 'OS', 'FlightNumber': '743'};{'AircraftCode': 'E95'};{'Code': 'LD', 'Description': 'Flight Landed'}
{'AirportCode': 'VIE', 'Scheduled': {'Date': '2023-03-23', 'Time': '22:25'}, 'Actual': {'Date': '2023-03-23', 'Time': '22:19'}, 'Terminal': {'Name': '3', 'Gate': 'G37'}, 'Status': {'Code': 'DP', 'Description': 'Flight Departed'}};{'AirportCode': 'BEG', 'Scheduled': {'Date': '2023-03-23', 'Time': '23:30'}, 'Actual': {'Date': '2023-03-23', 'Time': '23:17'}, 'Terminal': {'Name': '2'}, 'Status': {'Code': 'LD', 'Description': 'Flight Landed'}};{'AirlineID': 'OS', 'FlightNumber': '739'};{'AircraftCode': 'E95'};{'Code': 'LD', 'Description': 'Flight Landed'}
{'AirportCode': 'VIE', 'Scheduled': {'Date': '2023-03-23', 'Time': '22:45'}, 'Actual': {'Date': '2023-03-23', 'Time': '22:45'}, 'Terminal': {'Name': '3', 'Gate': 'G04'}, 'Status': {'Code': 'DP', 'Description': 'Flight Departed'}};{'AirportCode': 'SKP', 'Scheduled': {'Date': '2023-03-24', 'Time': '00:10'}, 'Actual': {'Date': '2023-03-24', 'Time': '00:05'}, 'Status': {'Code': 'LD', 'Description': 'Flight Landed'}};{'AirlineID': 'OS', 'FlightNumber': '777'};{'AircraftCode': 'E95'};{'Code': 'LD', 'Description': 'Flight Landed'}
{'AirportCode': 'VIE', 'Scheduled': {'Date': '2023-03-23', 'Time': '22:45'}, 'Actual': {'Date': '2023-03-23', 'Time': '22:40'}, 'Terminal': {'Name': '3', 'Gate': 'F08'}, 'Status': {'Code': 'DP', 'Description': 'Flight Departed'}};{'AirportCode': 'GRZ', 'Scheduled': {'Date': '2023-03-23', 'Time': '23:20'}, 'Actual': {'Date': '2023-03-23', 'Time': '23:14'}, 'Status': {'Code': 'LD', 'Description': 'Flight Landed'}};{'AirlineID': 'OS', 'FlightNumber': '975'};{'AircraftCode': 'E95'};{'Code': 'LD', 'Description': 'Flight Landed'}
{'AirportCode': 'VIE', 'Scheduled': {'Date': '2023-03-23', 'Time': '23:10'}, 'Actual': {'Date': '2023-03-23', 'Time': '23:08'}, 'Terminal': {'Name': '3', 'Gate': 'G11'}, 'Status': {'Code': 'DP', 'Description': 'Flight Departed'}};{'AirportCode': 'TIA', 'Scheduled': {'Date': '2023-03-24', 'Time': '00:40'}, 'Actual': {'Date': '2023-03-24', 'Time': '00:31'}, 'Status': {'Code': 'LD', 'Description': 'Flight Landed'}};{'AirlineID': 'OS', 'FlightNumber': '849'};{'AircraftCode': '320'};{'Code': 'LD', 'Description': 'Flight Landed'}
{'AirportCode': 'VIE', 'Scheduled': {'Date': '2023-03-23', 'Time': '23:25'}, 'Actual': {'Date': '2023-03-23', 'Time': '23:26'}, 'Terminal': {'Name': '3', 'Gate': 'G03'}, 'Status': {'Code': 'DP', 'Description': 'Flight Departed'}};{'AirportCode': 'BKK', 'Scheduled': {'Date': '2023-03-24', 'Time': '15:30'}, 'Actual': {'Date': '2023-03-24', 'Time': '15:29'}, 'Terminal': {'Gate': 'C04'}, 'Status': {'Code': 'LD', 'Description': 'Flight Landed'}};{'AirlineID': 'OS', 'FlightNumber': '025'};{'AircraftCode': '772'};{'Code': 'LD', 'Description': 'Flight Landed'}
{'AirportCode': 'ZAQ', 'Scheduled': {'Date': '2023-03-23', 'Time': '21:04'}, 'Actual': {'Date': '2023-03-23', 'Time': '22:00'}, 'Terminal': {'Gate': 'T09'}, 'Status': {'Code': 'DP', 'Description': 'Flight Departed'}};{'AirportCode': 'ZMU', 'Scheduled': {'Date': '2023-03-23', 'Time': '22:06'}, 'Actual': {'Date': '2023-03-23', 'Time': '23:08'}, 'Status': {'Code': 'LD', 'Description': 'Flight Landed'}};{'AirlineID': '2A', 'FlightNumber': '3482'};{'AircraftCode': 'TRN'};{'Code': 'LD', 'Description': 'Flight Landed'}
{'AirportCode': 'ZAQ', 'Scheduled': {'Date': '2023-03-23', 'Time': '22:03'}, 'Actual': {'Date': '2023-03-23', 'Time': '22:25'}, 'Terminal': {'Gate': 'T09'}, 'Status': {'Code': 'DP', 'Description': 'Flight Departed'}};{'AirportCode': 'ZMU', 'Scheduled': {'Date': '2023-03-23', 'Time': '23:11'}, 'Actual': {'Date': '2023-03-23', 'Time': '23:29'}, 'Status': {'Code': 'LD', 'Description': 'Flight Landed'}};{'AirlineID': '2A', 'FlightNumber': '3484'};{'AircraftCode': 'TRN'};{'Code': 'LD', 'Description': 'Flight Landed'}
{'AirportCode': 'ZAQ', 'Scheduled': {'Date': '2023-03-23', 'Time': '23:13'}, 'Actual': {'Date': '2023-03-23', 'Time': '23:13'}, 'Terminal': {'Gate': 'T09'}, 'Status': {'Code': 'DP', 'Description': 'Flight Departed'}};{'AirportCode': 'ZMU', 'Scheduled': {'Date': '2023-03-24', 'Time': '00:19'}, 'Actual': {'Date': '2023-03-24', 'Time': '00:17'}, 'Status': {'Code': 'LD', 'Description': 'Flight Landed'}};{'AirlineID': '2A', 'FlightNumber': '3486'};{'AircraftCode': 'TRN'};{'Code': 'LD', 'Description': 'Flight Landed'}
{'AirportCode': 'ZDI', 'Scheduled': {'Date': '2023-03-23', 'Time': '22:44'}, 'Actual': {'Date': '2023-03-23', 'Time': '22:44'}, 'Status': {'Code': 'OT', 'Description': 'Flight On Time'}};{'AirportCode': 'QDL', 'Scheduled': {'Date': '2023-03-23', 'Time': '22:58'}, 'Actual': {'Date': '2023-03-23', 'Time': '22:58'}, 'Status': {'Code': 'OT', 'Description': 'Flight On Time'}};{'AirlineID': 'YY', 'FlightNumber': '7466'};{'AircraftCode': 'TRN'};{'Code': 'OT', 'Description': 'Flight On Time'}
{'AirportCode': 'ZDI', 'Scheduled': {'Date': '2023-03-24', 'Time': '00:53'}, 'Actual': {'Date': '2023-03-24', 'Time': '00:53'}, 'Status': {'Code': 'OT', 'Description': 'Flight On Time'}};{'AirportCode': 'QDL', 'Scheduled': {'Date': '2023-03-24', 'Time': '01:25'}, 'Actual': {'Date': '2023-03-24', 'Time': '01:25'}, 'Status': {'Code': 'OT', 'Description': 'Flight On Time'}};{'AirlineID': 'YY', 'FlightNumber': '7468'};{'AircraftCode': 'TRN'};{'Code': 'OT', 'Description': 'Flight On Time'}
{'AirportCode': 'ZDJ', 'Scheduled': {'Date': '2023-03-23', 'Time': '22:34'}, 'Actual': {'Date': '2023-03-23', 'Time': '22:34'}, 'Status': {'Code': 'OT', 'Description': 'Flight On Time'}};{'AirportCode': 'ZHF', 'Scheduled': {'Date': '2023-03-23', 'Time': '22:56'}, 'Actual': {'Date': '2023-03-23', 'Time': '22:56'}, 'Status': {'Code': 'OT', 'Description': 'Flight On Time'}};{'AirlineID': 'YY', 'FlightNumber': '9426'};{'AircraftCode': 'TRN'};{'Code': 'OT', 'Description': 'Flight On Time'}
{'AirportCode': 'ZDJ', 'Scheduled': {'Date': '2023-03-23', 'Time': '23:08'}, 'Actual': {'Date': '2023-03-23', 'Time': '23:08'}, 'Status': {'Code': 'OT', 'Description': 'Flight On Time'}};{'AirportCode': 'ZHF', 'Scheduled': {'Date': '2023-03-23', 'Time': '23:29'}, 'Actual': {'Date': '2023-03-23', 'Time': '23:29'}, 'Status': {'Code': 'OT', 'Description': 'Flight On Time'}};{'AirlineID': 'YY', 'FlightNumber': '9428'};{'AircraftCode': 'TRN'};{'Code': 'OT', 'Description': 'Flight On Time'}
{'AirportCode': 'ZEU', 'Scheduled': {'Date': '2023-03-23', 'Time': '22:10'}, 'Actual': {'Date': '2023-03-23', 'Time': '23:57'}, 'Terminal': {'Gate': 'T09'}, 'Status': {'Code': 'DP', 'Description': 'Flight Departed'}};{'AirportCode': 'QPP', 'Scheduled': {'Date': '2023-03-24', 'Time': '00:44'}, 'Actual': {'Date': '2023-03-24', 'Time': '02:16'}, 'Status': {'Code': 'LD', 'Description': 'Flight Landed'}};{'AirlineID': '2A', 'FlightNumber': '3704'};{'AircraftCode': 'TRN'};{'Code': 'LD', 'Description': 'Flight Landed'}
{'AirportCode': 'ZHF', 'Scheduled': {'Date': '2023-03-23', 'Time': '23:30'}, 'Actual': {'Date': '2023-03-23', 'Time': '23:30'}, 'Status': {'Code': 'OT', 'Description': 'Flight On Time'}};{'AirportCode': 'QLS', 'Scheduled': {'Date': '2023-03-24', 'Time': '00:20'}, 'Actual': {'Date': '2023-03-24', 'Time': '00:20'}, 'Status': {'Code': 'OT', 'Description': 'Flight On Time'}};{'AirlineID': 'YY', 'FlightNumber': '9428'};{'AircraftCode': 'TRN'};{'Code': 'OT', 'Description': 'Flight On Time'}
{'AirportCode': 'ZPE', 'Scheduled': {'Date': '2023-03-23', 'Time': '22:23'}, 'Actual': {'Date': '2023-03-23', 'Time': '22:26'}, 'Terminal': {'Gate': 'T03'}, 'Status': {'Code': 'DP', 'Description': 'Flight Departed'}};{'AirportCode': 'DHC', 'Scheduled': {'Date': '2023-03-23', 'Time': '23:15'}, 'Actual': {'Date': '2023-03-23', 'Time': '23:12'}, 'Status': {'Code': 'LD', 'Description': 'Flight Landed'}};{'AirlineID': '2A', 'FlightNumber': '3664'};{'AircraftCode': 'TRN'};{'Code': 'LD', 'Description': 'Flight Landed'}
{'AirportCode': 'ZRH', 'Scheduled': {'Date': '2023-03-23', 'Time': '22:18'}, 'Actual': {'Date': '2023-03-23', 'Time': '22:18'}, 'Status': {'Code': 'OT', 'Description': 'Flight On Time'}};{'AirportCode': 'ZDH', 'Scheduled': {'Date': '2023-03-24', 'Time': '00:13'}, 'Actual': {'Date': '2023-03-24', 'Time': '00:13'}, 'Status': {'Code': 'OT', 'Description': 'Flight On Time'}};{'AirlineID': 'YY', 'FlightNumber': '7434'};{'AircraftCode': 'TRN'};{'Code': 'OT', 'Description': 'Flight On Time'}
{'AirportCode': 'ZRH', 'Scheduled': {'Date': '2023-03-23', 'Time': '22:35'}, 'Actual': {'Date': '2023-03-23', 'Time': '22:40'}, 'Status': {'Code': 'DP', 'Description': 'Flight Departed'}};{'AirportCode': 'GVA', 'Scheduled': {'Date': '2023-03-23', 'Time': '23:25'}, 'Actual': {'Date': '2023-03-23', 'Time': '23:21'}, 'Terminal': {'Name': '1'}, 'Status': {'Code': 'LD', 'Description': 'Flight Landed'}};{'AirlineID': 'LX', 'FlightNumber': '2818'};{'AircraftCode': '221'};{'Code': 'LD', 'Description': 'Flight Landed'}
{'AirportCode': 'ZRH', 'Scheduled': {'Date': '2023-03-23', 'Time': '22:38'}, 'Actual': {'Date': '2023-03-23', 'Time': '22:38'}, 'Status': {'Code': 'OT', 'Description': 'Flight On Time'}};{'AirportCode': 'QLJ', 'Scheduled': {'Date': '2023-03-23', 'Time': '23:51'}, 'Actual': {'Date': '2023-03-23', 'Time': '23:51'}, 'Status': {'Code': 'OT', 'Description': 'Flight On Time'}};{'AirlineID': 'YY', 'FlightNumber': '9460'};{'AircraftCode': 'TRN'};{'Code': 'OT', 'Description': 'Flight On Time'}
{'AirportCode': 'ZRH', 'Scheduled': {'Date': '2023-03-23', 'Time': '22:40'}, 'Actual': {'Date': '2023-03-23', 'Time': '22:54'}, 'Status': {'Code': 'DP', 'Description': 'Flight Departed'}};{'AirportCode': 'SIN', 'Scheduled': {'Date': '2023-03-24', 'Time': '18:00'}, 'Actual': {'Date': '2023-03-24', 'Time': '17:54'}, 'Terminal': {'Name': '2'}, 'Status': {'Code': 'LD', 'Description': 'Flight Landed'}};{'AirlineID': 'LX', 'FlightNumber': '176'};{'AircraftCode': '77W'};{'Code': 'LD', 'Description': 'Flight Landed'}
{'AirportCode': 'ZRH', 'Scheduled': {'Date': '2023-03-23', 'Time': '22:40'}, 'Actual': {'Date': '2023-03-23', 'Time': '22:57'}, 'Status': {'Code': 'DP', 'Description': 'Flight Departed'}};{'AirportCode': 'JNB', 'Scheduled': {'Date': '2023-03-24', 'Time': '10:20'}, 'Actual': {'Date': '2023-03-24', 'Time': '10:35'}, 'Terminal': {'Name': 'A'}, 'Status': {'Code': 'LD', 'Description': 'Flight Landed'}};{'AirlineID': 'LX', 'FlightNumber': '282'};{'AircraftCode': '343'};{'Code': 'LD', 'Description': 'Flight Landed'}
{'AirportCode': 'ZRH', 'Scheduled': {'Date': '2023-03-23', 'Time': '22:45'}, 'Actual': {'Date': '2023-03-23', 'Time': '22:56'}, 'Status': {'Code': 'DP', 'Description': 'Flight Departed'}};{'AirportCode': 'GRU', 'Scheduled': {'Date': '2023-03-24', 'Time': '06:45'}, 'Actual': {'Date': '2023-03-24', 'Time': '06:22'}, 'Terminal': {'Name': '3'}, 'Status': {'Code': 'LD', 'Description': 'Flight Landed'}};{'AirlineID': 'LX', 'FlightNumber': '092'};{'AircraftCode': '77W'};{'Code': 'LD', 'Description': 'Flight Landed'}
{'AirportCode': 'ZRH', 'Scheduled': {'Date': '2023-03-23', 'Time': '22:45'}, 'Actual': {'Date': '2023-03-23', 'Time': '22:59'}, 'Status': {'Code': 'DP', 'Description': 'Flight Departed'}};{'AirportCode': 'TLV', 'Scheduled': {'Date': '2023-03-24', 'Time': '04:35'}, 'Actual': {'Date': '2023-03-24', 'Time': '04:48'}, 'Terminal': {'Name': '3'}, 'Status': {'Code': 'LD', 'Description': 'Flight Landed'}};{'AirlineID': 'LX', 'FlightNumber': '256'};{'AircraftCode': '32Q'};{'Code': 'LD', 'Description': 'Flight Landed'}
{'AirportCode': 'ZRH', 'Scheduled': {'Date': '2023-03-23', 'Time': '22:45'}, 'Actual': {'Date': '2023-03-23', 'Time': '22:45'}, 'Status': {'Code': 'OT', 'Description': 'Flight On Time'}};{'AirportCode': 'ZDI', 'Scheduled': {'Date': '2023-03-24', 'Time': '00:47'}, 'Actual': {'Date': '2023-03-24', 'Time': '00:47'}, 'Status': {'Code': 'OT', 'Description': 'Flight On Time'}};{'AirlineID': 'YY', 'FlightNumber': '7468'};{'AircraftCode': 'TRN'};{'Code': 'OT', 'Description': 'Flight On Time'}
{'AirportCode': 'ZRH', 'Scheduled': {'Date': '2023-03-23', 'Time': '23:45'}, 'Actual': {'Date': '2023-03-23', 'Time': '23:45'}, 'Status': {'Code': 'OT', 'Description': 'Flight On Time'}};{'AirportCode': 'ZDH', 'Scheduled': {'Date': '2023-03-24', 'Time': '01:13'}, 'Actual': {'Date': '2023-03-24', 'Time': '01:13'}, 'Status': {'Code': 'OT', 'Description': 'Flight On Time'}};{'AirlineID': 'YY', 'FlightNumber': '7436'};{'AircraftCode': 'TRN'};{'Code': 'OT', 'Description': 'Flight On Time'}
{'AirportCode': 'ZWS', 'Scheduled': {'Date': '2023-03-23', 'Time': '22:17'}, 'Actual': {'Date': '2023-03-23', 'Time': '22:54'}, 'Terminal': {'Gate': 'T16'}, 'Status': {'Code': 'DP', 'Description': 'Flight Departed'}};{'AirportCode': 'QUL', 'Scheduled': {'Date': '2023-03-23', 'Time': '23:12'}, 'Actual': {'Date': '2023-03-23', 'Time': '23:34'}, 'Status': {'Code': 'LD', 'Description': 'Flight Landed'}};{'AirlineID': '2A', 'FlightNumber': '3428'};{'AircraftCode': 'TRN'};{'Code': 'LD', 'Description': 'Flight Landed'}
